D_r,B,beta,tau_f_nmse_mean,tau_f_se_mean,nmse_mean,se_mean,tau_f_nmse_std,tau_f_se_std,nmse_std,se_std
4096,1,24.4,0.3483,0.3096,0.2395002326750016,0.3344280673454334,0.070737940668357,0.0805891587001626,0.0085302723566136,0.0179039491086905
