D_r,B,beta,tau_f_nmse_mean,tau_f_se_mean,nmse_mean,se_mean,tau_f_nmse_std,tau_f_se_std,nmse_std,se_std
4096,1,6.76,0.29261499999999996,0.28939000000000004,0.24973810946772373,0.2571258241784231,0.07006834900565491,0.0656531270173412,0.03772062536599142,0.04597060934514466
