D_r,B,beta,tau_f_nmse_mean,tau_f_se_mean,nmse_mean,se_mean,tau_f_nmse_std,tau_f_se_std,nmse_std,se_std
4096,2,0.00172,3.29,3.2852999999999994,0.2474535579640748,0.2491903498330099,0.9954961702588312,0.9943027456464152,0.0053566008553523,0.006802506674982
