D_r,B,beta,tau_f_nmse_mean,tau_f_se_mean,nmse_mean,se_mean,tau_f_nmse_std,tau_f_se_std,nmse_std,se_std
4096,1,6.76e-05,3.5748200000000003,3.5842200000000006,0.24853388462018908,0.24911371873507193,0.7826114767946898,0.7774081689863397,0.0109747690654825,0.0131029563657588
