D_r,B,beta,tau_f_nmse_mean,tau_f_se_mean,nmse_mean,se_mean,tau_f_nmse_std,tau_f_se_std,nmse_std,se_std
4096,1,60.4,0.51815,0.4815999999999999,0.2405150057324004,0.3219206101243116,0.4565523860960536,0.4143563759012282,0.0237799961226415,0.0529086539930288
