D_r,B,beta,tau_f_nmse_mean,tau_f_se_mean,nmse_mean,se_mean,tau_f_nmse_std,tau_f_se_std,nmse_std,se_std
512,1,3.1600000000000003e-09,9.526972,10.163972000000001,0.08429810682621097,0.18816044135028517,1.3996320839270695,1.4198153039296493,0.02111473961672865,0.14718348382740043
1024,1,4.96e-09,9.964318000000002,10.606960000000003,0.08680824471628498,0.1658402546254184,1.7845413534477814,1.477313790396002,0.01494591778181095,0.09804870908661316
2048,1,3.88e-08,9.192456000000002,9.853116000000002,0.08015136217782896,0.19785779975321557,1.4225768615148382,1.4136866415127478,0.012581202545873468,0.15983104842709106
4096,1,5.3200000000000007e-08,10.120656,10.738000000000001,0.08546400117739762,0.1407202362397792,1.3539612581347638,1.3311471067940954,0.015190610408388991,0.07767724801880169
8192,1,6.76e-08,10.476648000000003,11.118198000000001,0.0805945314859252,0.13749104135947476,1.9485638959028977,1.8588082471574654,0.007626070967908161,0.06806126313744532
16384,1,8.92e-08,10.579478000000002,11.58885,0.07886799131465574,0.11989031161153707,1.4403151027289318,1.2189460950149864,0.01126798860403662,0.05105674663875316
