D_r,B,beta,tau_f_nmse_mean,tau_f_se_mean,nmse_mean,se_mean,tau_f_nmse_std,tau_f_se_std,nmse_std,se_std
4096,1,1.3599999999999997e-07,4.64442,4.79878,0.3426306602589531,0.2419632505540238,0.5739554834653992,0.4893943113686549,0.0535619346218492,0.0058691844052292
