D_r,B,beta,tau_f_nmse_mean,tau_f_se_mean,nmse_mean,se_mean,tau_f_nmse_std,tau_f_se_std,nmse_std,se_std
4096,1,0.0928,0.37259500000000007,0.37023,0.23167309608176367,0.24431248750622744,0.1305202266662556,0.12742817454518685,0.04531819462237921,0.044961382701855825
