dynamical_system,architecture,w2
L63,RFM,0.3110229385426705
L63,SkipRFM,0.34557759707863145
L63,DeepSkip,0.3198304387070605
