{
    "RFM-0": 0.030508556379068616,
    "RFM-1": 0.0258089364352964,
    "RFM-2": 0.025760633373223187,
    "SkipRFM-0": 0.03479681435007142,
    "SkipRFM-1": 0.037664874485494146,
    "SkipRFM-2": 0.031507589094224464,
    "DeepSkip-0": 0.027275281897449974,
    "DeepSkip-1": 0.029349957848978724,
    "DeepSkip-2": 0.02166743744930847
}