D_r,B,beta,tau_f_nmse_mean,tau_f_se_mean,nmse_mean,se_mean,tau_f_nmse_std,tau_f_se_std,nmse_std,se_std
4096,1,78.4,0.4794499999999999,0.4385999999999999,0.2309771865019917,0.3164364556265195,0.4161097135972674,0.4174129624843963,0.0108403487530092,0.0384117794398452
