D_r,B,beta,tau_f_nmse_mean,tau_f_se_mean,nmse_mean,se_mean,tau_f_nmse_std,tau_f_se_std,nmse_std,se_std
4096,1,8.92,0.301215,0.291755,0.25774435813434227,0.28445163411737057,0.07470863297657335,0.06990870299832591,0.04232520552698818,0.05062627754918004
