{
  "VPT": 3.8363,
  "RMSE": 1.7049086585807502,
  "MAE": 7.761535516178817,
  "W2": 25.585695266723633,
  "training_time": 5.139227390289307,
  "model_size": 393216,
  "experiment_seed": 33,
  "model_seed": 63
}