D_r,B,beta,tau_f_nmse_mean,tau_f_se_mean,nmse_mean,se_mean,tau_f_nmse_std,tau_f_se_std,nmse_std,se_std
1024,1,3.1600000000000005e-08,0.2639000000000001,0.33215000000000006,0.10638929225973685,0.021470361693748812,0.1407815000775615,0.175992188260804,0.10696565892573932,0.02189531422347627
