D_r,B,beta,tau_f_nmse_mean,tau_f_se_mean,nmse_mean,se_mean,tau_f_nmse_std,tau_f_se_std,nmse_std,se_std
16384,1,6.399999999999999e-07,7.062878000000001,7.280798000000002,0.3326459656386209,0.24370108195080975,0.8570559073724958,0.8155327604732857,0.02847706873019865,0.0038116685181791904
