D_r,B,beta,tau_f_nmse_mean,tau_f_se_mean,nmse_mean,se_mean,tau_f_nmse_std,tau_f_se_std,nmse_std,se_std
2048,1,0.000712,2.2442500000000005,2.22827,0.24387455558523835,0.24631435336376212,0.485507273308603,0.47796226273825,0.014483122141807324,0.01670586454832865
4096,1,0.001,2.40358,2.4233200000000004,0.24875090867624053,0.24635372818961354,0.6223229431480435,0.6242509522261259,0.01587210883580632,0.01122880099173266
8192,1,4.599999999999999e-06,2.7401000000000004,2.73352,0.23257041486423477,0.2312496451523049,1.3768698900188514,1.3861365511012869,0.026484619598887482,0.02974547865605569
11586,1,8.559999999999998e-06,3.3807100000000005,3.3478100000000004,0.23729240953963998,0.24295810763954195,1.2015866473489314,1.1811465000758363,0.017760268787676153,0.023520388304454
