D_r,B,beta,tau_f_nmse_mean,tau_f_se_mean,nmse_mean,se_mean,tau_f_nmse_std,tau_f_se_std,nmse_std,se_std
2048,1,0.000352,2.7636000000000003,2.7777000000000003,0.2499065193174358,0.2430263371535876,0.2947353473881272,0.3079307146096342,0.0147829564663534,0.0090024813742385
4096,1,0.000928,2.8717,2.8764000000000003,0.2465569284330083,0.2487932324632956,0.3823356836603144,0.3531261106177226,0.0160667537817233,0.0132609329416967
8192,1,2.8e-06,2.9657,2.8482000000000003,0.2275447837538628,0.2321009108792041,1.410137076670208,1.3270115202966402,0.0335686671435678,0.043888465461951
11586,1,8.2e-06,3.6754000000000007,3.6707,0.2450656917649533,0.2599780230340244,1.0704243551040866,1.0855117802216612,0.0114971863380989,0.0251244254224235
