D_r,B,beta,tau_f_nmse_mean,tau_f_se_mean,nmse_mean,se_mean,tau_f_nmse_std,tau_f_se_std,nmse_std,se_std
2048,1,0.000532,2.6790000000000003,2.7025,0.2525273036536977,0.2450211889241324,0.3726806608881121,0.3473710192287204,0.0133112692859341,0.0028145335379423
4096,1,0.0008559999999999,2.8764,2.8670000000000004,0.2498408967479469,0.2516601495649558,1.1373368784137792,1.1155695294332846,0.0119078094558573,0.0186069148766917
8192,1,5.32e-06,3.854,3.7788,0.2483579845636323,0.2503370883943289,0.6080554045479738,0.6958143250896751,0.0067854619117075,0.0074610186415161
11586,1,7.84e-06,4.5637,4.465000000000001,0.2438459357169564,0.2568763562032632,0.7001659267630778,0.7002842280103128,0.0035908875445618,0.0154061611107895
