D_r,B,beta,tau_f_nmse_mean,tau_f_se_mean,nmse_mean,se_mean,tau_f_nmse_std,tau_f_se_std,nmse_std,se_std
2048,1,0.000676,2.30253,2.3077000000000005,0.24488138430240375,0.24623461012519485,0.5788018164796023,0.5958428536402405,0.014473549078730382,0.01509026242478452
4096,1,0.000928,2.3998200000000005,2.40405,0.24773025729949683,0.24439177708209497,0.5850691261744974,0.5908433214537836,0.01896076882359132,0.016901437959426932
8192,1,3.88e-06,2.5981600000000005,2.5859400000000003,0.22592066178245737,0.22882226902706396,1.5072158507386657,1.4970449182621828,0.03195573893792909,0.03402666472030199
11586,1,6.76e-06,3.08367,3.0775600000000005,0.23431300389554324,0.24018456552932554,1.481108073476909,1.4717440658990895,0.022926860103738574,0.02914395018153644
