D_r,B,beta,tau_f_nmse_mean,tau_f_se_mean,nmse_mean,se_mean,tau_f_nmse_std,tau_f_se_std,nmse_std,se_std
4096,1,0.0856,0.473,0.4730000000000001,0.2485058517122185,0.2357181100397938,0.2242090263571027,0.2303110668205069,0.0411960459282023,0.0239028035461286
