D_r,B,beta,tau_f_nmse_mean,tau_f_se_mean,nmse_mean,se_mean,tau_f_nmse_std,tau_f_se_std,nmse_std,se_std
4096,1,9.64,0.37195,0.35475,0.2509298465751622,0.3080342883175413,0.2503388578507139,0.2294312941819402,0.0215013370801667,0.066477848394381
