D_r,B,beta,tau_f_nmse_mean,tau_f_se_mean,nmse_mean,se_mean,tau_f_nmse_std,tau_f_se_std,nmse_std,se_std
8192,1,8.559999999999998e-06,4.606000000000001,4.6812,0.2415398953591353,0.2493914249952472,0.4486592526628642,0.3553865149383132,0.0100438484307207,0.0159122176946488
