D_r,B,beta,tau_f_nmse_mean,tau_f_se_mean,nmse_mean,se_mean,tau_f_nmse_std,tau_f_se_std,nmse_std,se_std
2048,1,0.000532,2.6790000000000003,2.7025,0.2525273036536977,0.2450211889241324,0.3726806608881121,0.3473710192287204,0.0133112692859341,0.0028145335379423
4096,1,0.0008559999999999,2.8764,2.8670000000000004,0.2498408967479469,0.2516601495649558,1.1373368784137792,1.1155695294332846,0.0119078094558573,0.0186069148766917
8192,1,8.559999999999998e-06,4.606000000000001,4.6812,0.2415398953591353,0.2493914249952472,0.4486592526628642,0.3553865149383132,0.0100438484307207,0.0159122176946488
11586,1,7.84e-06,4.5637,4.465000000000001,0.2438459357169564,0.2568763562032632,0.7001659267630778,0.7002842280103128,0.0035908875445618,0.0154061611107895
13308,1,8.2e-06,3.9856,3.995000000000001,0.2468747590616317,0.2393410550066756,0.4454474435890276,0.4342733873955438,0.020330754177478,0.0070356225398637
14264,1,7.12e-06,4.0655,4.0608,0.249919696114415,0.2450114973339227,0.9689298220201504,0.9657041860735618,0.0085759831931093,0.0114312664023056
15000,1,4.240000000000001e-05,5.34625,5.36975,0.2554976153630628,0.2433203503417816,1.6118499077147348,1.645083926430503,0.0230913327459793,0.0064419006757545
