D_r,B,beta,tau_f_nmse_mean,tau_f_se_mean,nmse_mean,se_mean,tau_f_nmse_std,tau_f_se_std,nmse_std,se_std
8192,1,8.2e-06,3.9273200000000004,3.940950000000001,0.24168477093224994,0.24757906695002807,1.0808683088212458,1.0781233790438969,0.01844311033582002,0.02002536591879238
