D_r,B,beta,tau_f_nmse_mean,tau_f_se_mean,nmse_mean,se_mean,tau_f_nmse_std,tau_f_se_std,nmse_std,se_std
4096,1,6.4,0.4558,0.46655,0.2244683160767013,0.3501723330674195,0.4212162226814157,0.3804193984932945,0.0372365234449473,0.0596622609246001
