D_r,B,beta,tau_f_nmse_mean,tau_f_se_mean,nmse_mean,se_mean,tau_f_nmse_std,tau_f_se_std,nmse_std,se_std
4096,1,0.82,0.33927,0.335615,0.254506890067524,0.25704974175759226,0.08232493911176074,0.08040386039420244,0.050534936387751084,0.04815145623747835
