D_r,B,beta,tau_f_nmse_mean,tau_f_se_mean,nmse_mean,se_mean,tau_f_nmse_std,tau_f_se_std,nmse_std,se_std
4096,1,0.0244,0.4815999999999999,0.4987999999999999,0.3002423960765332,0.258751976386694,0.1908541327820804,0.1901261423371336,0.0613899537361906,0.049087247100163
