D_r,B,beta,tau_f_nmse_mean,tau_f_se_mean,nmse_mean,se_mean,tau_f_nmse_std,tau_f_se_std,nmse_std,se_std
4096,1,0.0784,0.35238499999999995,0.33024,0.24926004985791106,0.2916543209092582,0.17454091771157274,0.15536493520013434,0.03441490195057405,0.05231676051836261
