D_r,B,beta,tau_f_nmse_mean,tau_f_se_mean,nmse_mean,se_mean,tau_f_nmse_std,tau_f_se_std,nmse_std,se_std
200,1,8.92e-10,2.7627600000000005,3.6127000000000007,0.05427796085558491,0.058427633020037256,0.8798556790584324,1.1982641274403412,0.02074607615882076,0.02839209874304622
