D_r,B,beta,tau_f_nmse_mean,tau_f_se_mean,nmse_mean,se_mean,tau_f_nmse_std,tau_f_se_std,nmse_std,se_std
200,1,4.6e-08,2.8938,3.003,0.0610962561556914,0.0806746665677259,0.5243369145883208,0.5719261315939324,0.0258130817667001,0.0851830338118225
