D_r,B,beta,tau_f_nmse_mean,tau_f_se_mean,nmse_mean,se_mean,tau_f_nmse_std,tau_f_se_std,nmse_std,se_std
200,1,3.88e-08,2.3751,2.9047200000000006,0.05027483868889386,0.07729230552024774,0.8088173341404692,1.1883883527189754,0.023758994521069797,0.04410269197940628
