D_r,B,beta,tau_f_nmse_mean,tau_f_se_mean,nmse_mean,se_mean,tau_f_nmse_std,tau_f_se_std,nmse_std,se_std
200,1,1.72e-08,3.8038,4.167800000000001,0.0400468719968293,0.0726829074629801,0.3045442496584034,0.7812232075405852,0.0077231891659238,0.0369994245330436
