D_r,B,beta,tau_f_nmse_mean,tau_f_se_mean,nmse_mean,se_mean,tau_f_nmse_std,tau_f_se_std,nmse_std,se_std
2048,1,8.199999999999999e-07,5.084250000000001,5.084250000000001,0.2489723696074914,0.248976998162217,5.362697828518777,5.362697828518777,0.0013027049702309,0.0013099899725491
