D_r,B,beta,tau_f_nmse_mean,tau_f_se_mean,nmse_mean,se_mean,tau_f_nmse_std,tau_f_se_std,nmse_std,se_std
2048,1,8.2e-06,4.1821125000000015,4.182075000000001,0.24887918666591935,0.2488825721669594,2.0364144968086677,2.036361463800079,0.0007620831641812313,0.0007660364334851556
