D_r,B,beta,tau_f_nmse_mean,tau_f_se_mean,nmse_mean,se_mean,tau_f_nmse_std,tau_f_se_std,nmse_std,se_std
2048,1,3.7e-06,12.438,12.437625,0.2494738410195976,0.2494795119621496,9.37517525836184,9.374644928275952,0.0007427093822663,0.000743941112523
