D_r,B,beta,tau_f_nmse_mean,tau_f_se_mean,nmse_mean,se_mean,tau_f_nmse_std,tau_f_se_std,nmse_std,se_std
4096,1,10.0,0.36765,0.3569,0.2582424221325651,0.30825747044248,0.1524833597478754,0.1310883051610631,0.0257371470581701,0.0808749558286796
