D_r,B,beta,tau_f_nmse_mean,tau_f_se_mean,nmse_mean,se_mean,tau_f_nmse_std,tau_f_se_std,nmse_std,se_std
4096,1,60.4,0.3053,0.29025,0.2734115277077956,0.3366334803916129,0.1144256581803224,0.0789960442047574,0.0828543849948003,0.0586343950805151
