D_r,B,beta,tau_f_nmse_mean,tau_f_se_mean,nmse_mean,se_mean,tau_f_nmse_std,tau_f_se_std,nmse_std,se_std
200,1,9.64e-09,3.0940000000000003,3.0576,0.0457992087100454,0.0746227237832777,0.9758662818234884,0.9686265018055208,0.006136914347135,0.046851765381994
