D_r,B,beta,tau_f_nmse_mean,tau_f_se_mean,nmse_mean,se_mean,tau_f_nmse_std,tau_f_se_std,nmse_std,se_std
200,1,7.48e-10,3.6036,4.113200000000001,0.0590926237956992,0.0811684137556921,1.4891782297629792,1.336492311986867,0.0450497170698179,0.0393464044309959
