D_r,B,beta,tau_f_nmse_mean,tau_f_se_mean,nmse_mean,se_mean,tau_f_nmse_std,tau_f_se_std,nmse_std,se_std
200,1,3.88e-08,2.3532600000000006,3.053960000000001,0.055709156650121605,0.062483927545592226,0.8992540703964237,0.9291350715749312,0.033281183062612116,0.029031087619096202
