D_r,B,beta,tau_f_nmse_mean,tau_f_se_mean,nmse_mean,se_mean,tau_f_nmse_std,tau_f_se_std,nmse_std,se_std
200,1,7.84e-10,2.8756000000000004,3.5653800000000007,0.048846503353051164,0.07706048009025336,1.256329220225356,1.100079153279739,0.023840111747265757,0.04530494668362598
