D_r,B,beta,tau_f_nmse_mean,tau_f_se_mean,nmse_mean,se_mean,tau_f_nmse_std,tau_f_se_std,nmse_std,se_std
4096,2,9.28e-05,3.755300000000001,3.7224,0.2478485207780887,0.24899176310616686,0.7902039917061825,0.7737608867883914,0.01500698100341342,0.014122752471669331
14000,2,0.000712,4.0452900000000005,4.029310000000001,0.2455122918431667,0.25332770225482776,0.683449486655799,0.7170483045837696,0.00887808046126495,0.01853115804669
