beta,tau_f_nmse_mean,tau_f_se_mean,nmse_mean,se_mean,tau_f_nmse_std,tau_f_se_std,nmse_std,se_std
1e-11,0.1457,0.1316,0.2069651861769739,0.2937097542602412,0.04520315254492766,0.03563951458704229,0.031320459883935524,0.19922000357492334
1.3599999999999999e-11,0.1551,0.1457,0.2216900752543569,0.23942991592576385,0.021019038988498016,0.025742960202742807,0.030328934533547795,0.02297969758898513
1.72e-11,0.1269,0.11750000000000001,0.14986997946903982,0.16343091810538113,0.04268986999277463,0.028781504477702346,0.08271101962617033,0.12550075586283613
2.08e-11,0.13630000000000003,0.13160000000000002,0.16798342346883427,0.20338706410250698,0.050946785963395184,0.051485920405485615,0.06098772268183672,0.08138939009259305
2.4399999999999998e-11,0.0752,0.0752,0.11189914762155691,0.11704056468120567,0.06305711696549407,0.06305711696549407,0.08643379491733472,0.0884393069923671
