D_r,B,beta,tau_f_nmse_mean,tau_f_se_mean,nmse_mean,se_mean,tau_f_nmse_std,tau_f_se_std,nmse_std,se_std
4096,1,1.0,0.38377500000000003,0.3786149999999999,0.25717202847630194,0.2720894658683768,0.10492323650410536,0.09593677114721938,0.03979187826212423,0.04895626405873155
