D_r,B,beta,tau_f_nmse_mean,tau_f_se_mean,nmse_mean,se_mean,tau_f_nmse_std,tau_f_se_std,nmse_std,se_std
1024,1,9.64e-09,0.2912000000000001,0.36855000000000004,0.07739926133727112,0.0170381446462844,0.20960941461586208,0.19917449190501987,0.09417636609355834,0.018363606817997515
