D_r,B,beta,tau_f_nmse_mean,tau_f_se_mean,nmse_mean,se_mean,tau_f_nmse_std,tau_f_se_std,nmse_std,se_std
200,1,8.92e-09,9.64054,10.22112,0.0787059338719071,0.1359312328457561,3.4999681288548903,3.3495813218968125,0.0080154563514476,0.0476857206529074
