D_r,B,beta,tau_f_nmse_mean,tau_f_se_mean,nmse_mean,se_mean,tau_f_nmse_std,tau_f_se_std,nmse_std,se_std
2048,1,0.00082,112.49925,112.49925,0.0001293168732565,0.0001293397424869,0.0,0.0,0.0001223872429396,0.000122408864048
