D_r,B,beta,tau_f_nmse_mean,tau_f_se_mean,nmse_mean,se_mean,tau_f_nmse_std,tau_f_se_std,nmse_std,se_std
2048,1,0.00064,54.818025000000006,54.8179875,0.18749675594023357,0.18749593330081465,36.48914942762095,36.48920246062954,0.05274482487910269,0.05274180177075802
