{
  "VPT": 4.108700000000001,
  "RMSE": 1.6874997126265343,
  "MAE": 7.753693886588787,
  "W2": 25.424604415893555,
  "training_time": 5.139148235321045,
  "model_size": 393216,
  "experiment_seed": 13,
  "model_seed": 59
}