{
  "VPT": 4.4719,
  "RMSE": 1.6678190847315302,
  "MAE": 7.659439151243293,
  "W2": 25.348005294799805,
  "training_time": 5.1417272090911865,
  "model_size": 393216,
  "experiment_seed": 64,
  "model_seed": 81
}