D_r,B,beta,tau_f_nmse_mean,tau_f_se_mean,nmse_mean,se_mean,tau_f_nmse_std,tau_f_se_std,nmse_std,se_std
8192,3,1.9900000000000003e-05,5.4990000000000006,5.5131000000000006,0.2522708752241397,0.2515468770477133,0.6425004863811388,0.6570761371408949,0.0130086210041031,0.0214440061621249
11586,3,7.48e-05,5.3956,5.2922,0.25287411328435,0.258785318834319,0.8506545567972937,0.9032074512535868,0.0128206125010287,0.0190457071049215
13308,3,4.1500000000000006e-05,5.6494,5.6494,0.2580241613902473,0.2538406134991882,0.5810253221676318,0.5757739790924907,0.0116024107087935,0.0165573510604496
