D_r,B,beta,tau_f_nmse_mean,tau_f_se_mean,nmse_mean,se_mean,tau_f_nmse_std,tau_f_se_std,nmse_std,se_std
8192,3,2.6200000000000003e-05,4.859800000000001,4.84006,0.2472925715957719,0.254032375836732,0.9011187387768369,0.9015758178852024,0.0111176369228821,0.012791052051339449
11586,3,4.060000000000001e-05,4.76956,4.77379,0.2505793396457037,0.24888663129187943,0.894021411807972,0.9013064732950864,0.01381964057464008,0.01399263976975458
13308,3,3.43e-05,4.817970000000001,4.82643,0.2488090407516571,0.2501565250397823,0.9875080925874464,0.9955789173435872,0.01016550931776848,0.01188091574986227
