{
  "VPT": 5.2664,
  "RMSE": 1.6923667816245767,
  "MAE": 7.781240887647441,
  "W2": 25.51677703857422,
  "training_time": 5.135583162307739,
  "model_size": 393216,
  "experiment_seed": 5,
  "model_seed": 28
}