D_r,B,beta,tau_f_nmse_mean,tau_f_se_mean,nmse_mean,se_mean,tau_f_nmse_std,tau_f_se_std,nmse_std,se_std
200,1,3.88e-08,5.729542,7.0502,0.00794911885195425,0.0023269114754218803,1.510206192839895,1.5834475551510683,0.00040482801487149,0.00010874515699768498
