D_r,B,beta,tau_f_nmse_mean,tau_f_se_mean,nmse_mean,se_mean,tau_f_nmse_std,tau_f_se_std,nmse_std,se_std
4096,1,0.0964,0.3977499999999999,0.3697999999999999,0.242521342345707,0.2862538800268583,0.3618457026136968,0.3348586175537371,0.0153028778102396,0.0732787889757325
