D_r,B,beta,tau_f_nmse_mean,tau_f_se_mean,nmse_mean,se_mean,tau_f_nmse_std,tau_f_se_std,nmse_std,se_std
4096,1,78.4,0.3913,0.37195,0.2227655265233125,0.3165568388976678,0.3701030008659751,0.3592494954763333,0.0162841132430411,0.0502779030729324
