D_r,B,beta,tau_f_nmse_mean,tau_f_se_mean,nmse_mean,se_mean,tau_f_nmse_std,tau_f_se_std,nmse_std,se_std
4096,1,4.24,0.238435,0.22231,0.25735920500396375,0.2867708999244203,0.12609385719336813,0.10065634136804918,0.03619726626924688,0.04974059094932523
