D_r,B,beta,tau_f_nmse_mean,tau_f_se_mean,nmse_mean,se_mean,tau_f_nmse_std,tau_f_se_std,nmse_std,se_std
4096,1,0.1359999999999999,0.52675,0.5031,0.2609816982317278,0.3265927583149033,0.2070596230557758,0.1836016918495033,0.0573295401241379,0.0588721265921478
