D_r,B,beta,tau_f_nmse_mean,tau_f_se_mean,nmse_mean,se_mean,tau_f_nmse_std,tau_f_se_std,nmse_std,se_std
4096,1,0.0712,0.34743999999999997,0.34786999999999996,0.2596118480943619,0.2594482602364883,0.10229960265529481,0.09981705984557576,0.04617279562478773,0.041001918934172404
