D_r,B,beta,tau_f_nmse_mean,tau_f_se_mean,nmse_mean,se_mean,tau_f_nmse_std,tau_f_se_std,nmse_std,se_std
4096,1,7.84,0.26617,0.25520499999999996,0.25304467239981465,0.28498020930225026,0.09249961880394955,0.08053013742923965,0.026628267411422143,0.044460958466525854
