D_r,B,beta,tau_f_nmse_mean,tau_f_se_mean,nmse_mean,se_mean,tau_f_nmse_std,tau_f_se_std,nmse_std,se_std
4096,1,8.2,0.21543,0.19607999999999998,0.24475326885736393,0.29765114895777167,0.14969013842771728,0.1313383492996799,0.01901301741093601,0.06036301081593122
