D_r,B,beta,tau_f_nmse_mean,tau_f_se_mean,nmse_mean,se_mean,tau_f_nmse_std,tau_f_se_std,nmse_std,se_std
4096,1,0.000496,3.072390000000001,3.06346,0.24522278084496885,0.24913129625463,0.7819989739174064,0.7750260191753563,0.011834395430464899,0.019203902404968522
