D_r,B,beta,tau_f_nmse_mean,tau_f_se_mean,nmse_mean,se_mean,tau_f_nmse_std,tau_f_se_std,nmse_std,se_std
2048,1,8.199999999999999e-08,4.2045,4.2045,0.2491148466329877,0.2491076388328775,0.7360981592151963,0.7360981592151963,0.0007895807310678,0.0007891429769388
