D_r,B,beta,tau_f_nmse_mean,tau_f_se_mean,nmse_mean,se_mean,tau_f_nmse_std,tau_f_se_std,nmse_std,se_std
2048,1,1e-07,3.3548625000000007,3.3548625000000007,0.2484628352852687,0.24846632311863798,1.111412760999486,1.111412760999486,0.0008639474342846776,0.0008648127533012385
