D_r,B,beta,tau_f_nmse_mean,tau_f_se_mean,nmse_mean,se_mean,tau_f_nmse_std,tau_f_se_std,nmse_std,se_std
2048,1,3.7e-07,5.70975,5.70975,0.2497051253853086,0.2497290416775599,2.5243712088359747,2.5243712088359747,4.4946322379278295e-05,1.6489156337948525e-05
