D_r,B,beta,tau_f_nmse_mean,tau_f_se_mean,nmse_mean,se_mean,tau_f_nmse_std,tau_f_se_std,nmse_std,se_std
4096,1,1.72,0.35453500000000004,0.35561,0.25615790662871146,0.26709740012837446,0.0858836728738997,0.08937019610410174,0.04259223252929036,0.04213467176560194
