D_r,B,beta,tau_f_nmse_mean,tau_f_se_mean,nmse_mean,se_mean,tau_f_nmse_std,tau_f_se_std,nmse_std,se_std
4096,1,0.2799999999999999,0.38312999999999997,0.38829,0.25542129012124337,0.2663630166213775,0.1342139351522813,0.146425953261357,0.04426896998428657,0.05043051573837263
