{
  "VPT": 4.994000000000001,
  "RMSE": 1.6841434256791559,
  "MAE": 7.77403627926232,
  "W2": 25.483366012573242,
  "training_time": 5.142493009567261,
  "model_size": 393216,
  "experiment_seed": 8,
  "model_seed": 31
}