D_r,B,beta,tau_f_nmse_mean,tau_f_se_mean,nmse_mean,se_mean,tau_f_nmse_std,tau_f_se_std,nmse_std,se_std
4096,1,24.4,0.42355,0.387,0.2340153734918017,0.3298004809104676,0.2942634555122331,0.2883525944915356,0.0091278203325144,0.0438229743169308
