D_r,B,beta,tau_f_nmse_mean,tau_f_se_mean,nmse_mean,se_mean,tau_f_nmse_std,tau_f_se_std,nmse_std,se_std
4096,1,17.2,0.29841999999999996,0.27842500000000003,0.25303755786106963,0.29245771921785974,0.13932479456155256,0.11807337101930752,0.02988007649456718,0.044630537337439054
