D_r,B,beta,tau_f_nmse_mean,tau_f_se_mean,nmse_mean,se_mean,tau_f_nmse_std,tau_f_se_std,nmse_std,se_std
4096,1,17.2,0.4428999999999999,0.4170999999999999,0.2499796318225832,0.3526105658441345,0.181225998410824,0.1575159317339043,0.0203304528426826,0.0675989347749431
