D_r,B,beta,tau_f_nmse_mean,tau_f_se_mean,nmse_mean,se_mean,tau_f_nmse_std,tau_f_se_std,nmse_std,se_std
4096,1,0.172,0.4057050000000001,0.3986099999999999,0.2595728127430394,0.2808640255661329,0.11538635185211911,0.11230356213447835,0.04139889923362369,0.04791862053249295
