D_r,B,beta,tau_f_nmse_mean,tau_f_se_mean,nmse_mean,se_mean,tau_f_nmse_std,tau_f_se_std,nmse_std,se_std
4096,1,0.0063999999999999,0.381625,0.38399,0.2582519342232389,0.2551840871765619,0.12116911429412594,0.1216676292061329,0.05680326763942515,0.04935134525125712
