D_r,B,beta,tau_f_nmse_mean,tau_f_se_mean,nmse_mean,se_mean,tau_f_nmse_std,tau_f_se_std,nmse_std,se_std
4096,1,0.0819999999999999,0.27004,0.259505,0.2450990340426118,0.29796869851553553,0.16257392501716458,0.1472078237539789,0.035028234686927805,0.05468989082044527
