D_r,B,beta,tau_f_nmse_mean,tau_f_se_mean,nmse_mean,se_mean,tau_f_nmse_std,tau_f_se_std,nmse_std,se_std
4096,1,0.046,0.45365,0.4278499999999999,0.2249178671837399,0.3347084845107874,0.2555698045544504,0.2506617865770528,0.0136872901079932,0.0422308824791829
